WARNING ,Connection established: True
WARNING ,GPSNavInit
WARNING ,goodFix and end GPSNavInit
WARNING ,End initialize IMU & GPS
WARNING ,begin calibrateMag
DEBUG   ,15.369141,10.757812
DEBUG   ,15.369141,10.757812
DEBUG   ,15.547852,10.578516
DEBUG   ,15.547852,10.578516
DEBUG   ,14.296875,7.530469
DEBUG   ,14.296875,7.530469
DEBUG   ,14.296875,7.530469
DEBUG   ,14.296875,7.530469
DEBUG   ,14.296875,7.530469
DEBUG   ,14.296875,7.530469
DEBUG   ,6.433594,3.227344
DEBUG   ,6.433594,3.227344
DEBUG   ,3.931641,2.510156
DEBUG   ,3.931641,2.510156
DEBUG   ,-1.072266,2.510156
DEBUG   ,-1.072266,2.510156
DEBUG   ,-1.787109,-1.434375
DEBUG   ,-1.787109,-1.434375
DEBUG   ,-4.467773,-0.179297
DEBUG   ,-4.467773,-0.179297
DEBUG   ,-9.471680,1.613672
DEBUG   ,-9.471680,1.613672
DEBUG   ,-11.437500,0.358594
DEBUG   ,-11.437500,0.358594
DEBUG   ,-11.437500,0.358594
DEBUG   ,-11.437500,0.358594
DEBUG   ,-11.437500,0.358594
DEBUG   ,-11.437500,0.358594
DEBUG   ,-13.403320,7.709766
DEBUG   ,-13.403320,7.709766
DEBUG   ,-15.011719,10.757812
DEBUG   ,-15.011719,10.757812
DEBUG   ,-15.726562,13.626563
DEBUG   ,-15.726562,13.626563
DEBUG   ,-15.905273,14.881641
DEBUG   ,-15.905273,14.881641
DEBUG   ,-15.905273,18.108984
DEBUG   ,-15.905273,18.108984
DEBUG   ,-16.441406,20.081250
DEBUG   ,-16.441406,20.081250
DEBUG   ,-16.262695,21.336328
DEBUG   ,-16.262695,21.336328
DEBUG   ,-16.262695,21.336328
DEBUG   ,-16.262695,21.336328
DEBUG   ,-16.262695,21.336328
DEBUG   ,-16.262695,21.336328
DEBUG   ,-18.764648,17.750391
DEBUG   ,-18.764648,17.750391
DEBUG   ,-20.194336,16.316016
DEBUG   ,-20.194336,16.316016
DEBUG   ,-22.160156,14.343750
DEBUG   ,-22.160156,14.343750
DEBUG   ,-19.836914,11.295703
DEBUG   ,-19.836914,11.295703
DEBUG   ,-16.977539,10.578516
DEBUG   ,-16.977539,10.578516
DEBUG   ,-15.011719,6.813281
DEBUG   ,-15.011719,6.813281
DEBUG   ,-10.365234,4.303125
DEBUG   ,-10.365234,4.303125
DEBUG   ,-10.365234,4.303125
DEBUG   ,-10.365234,4.303125
DEBUG   ,-4.646484,0.358594
DEBUG   ,-4.646484,0.358594
DEBUG   ,0.178711,0.896484
DEBUG   ,0.178711,0.896484
DEBUG   ,1.965820,1.972266
DEBUG   ,1.965820,1.972266
DEBUG   ,4.289062,5.378906
DEBUG   ,4.289062,5.378906
DEBUG   ,6.612305,3.048047
DEBUG   ,6.612305,3.048047
DEBUG   ,9.650391,5.020313
DEBUG   ,9.650391,5.020313
DEBUG   ,11.080078,7.530469
DEBUG   ,11.080078,7.530469
DEBUG   ,12.152344,8.964844
DEBUG   ,12.152344,8.964844
DEBUG   ,11.794922,11.116406
DEBUG   ,11.794922,11.116406
DEBUG   ,13.045898,12.371484
DEBUG   ,13.045898,12.371484
DEBUG   ,13.045898,12.371484
DEBUG   ,13.045898,12.371484
DEBUG   ,15.905273,17.391797
DEBUG   ,15.905273,17.391797
DEBUG   ,15.905273,17.391797
DEBUG   ,15.905273,17.391797
DEBUG   ,15.905273,17.391797
DEBUG   ,18.228516,18.646875
DEBUG   ,18.228516,18.646875
DEBUG   ,15.190430,22.053516
DEBUG   ,15.190430,22.053516
DEBUG   ,11.973633,27.432422
DEBUG   ,11.973633,27.432422
DEBUG   ,10.007812,29.404687
DEBUG   ,10.007812,29.404687
DEBUG   ,7.327148,35.321484
DEBUG   ,7.327148,35.321484
DEBUG   ,4.110352,35.680078
DEBUG   ,4.110352,35.680078
DEBUG   ,1.429688,37.293750
DEBUG   ,1.429688,37.293750
DEBUG   ,-3.395508,35.321484
DEBUG   ,-3.395508,35.321484
DEBUG   ,-3.395508,35.321484
DEBUG   ,-3.395508,35.321484
DEBUG   ,-11.794922,34.066406
DEBUG   ,-11.794922,34.066406
DEBUG   ,-11.437500,32.632031
DEBUG   ,-11.437500,32.632031
DEBUG   ,-10.901367,34.962891
DEBUG   ,-10.901367,34.962891
DEBUG   ,-11.973633,32.094141
DEBUG   ,-11.973633,32.094141
DEBUG   ,-11.616211,31.018359
DEBUG   ,-11.616211,31.018359
DEBUG   ,-13.760742,29.225391
DEBUG   ,-13.760742,29.225391
DEBUG   ,-13.403320,27.073828
DEBUG   ,-13.403320,27.073828
DEBUG   ,-15.011719,27.611719
DEBUG   ,-15.011719,27.611719
DEBUG   ,-17.334961,28.508203
DEBUG   ,-17.334961,28.508203
DEBUG   ,-17.334961,28.508203
DEBUG   ,-17.334961,28.508203
DEBUG   ,-18.407227,25.280859
DEBUG   ,-18.407227,25.280859
DEBUG   ,-20.551758,25.639453
DEBUG   ,-20.551758,25.639453
DEBUG   ,-21.445312,22.591406
DEBUG   ,-21.445312,22.591406
DEBUG   ,-24.662109,21.515625
DEBUG   ,-24.662109,21.515625
DEBUG   ,-24.662109,19.364062
DEBUG   ,-24.662109,19.364062
DEBUG   ,-23.947266,22.950000
DEBUG   ,-23.947266,22.950000
DEBUG   ,-21.981445,25.280859
DEBUG   ,-21.981445,25.280859
DEBUG   ,-19.658203,25.460156
DEBUG   ,-19.658203,25.460156
DEBUG   ,-19.658203,25.460156
DEBUG   ,-19.658203,25.460156
DEBUG   ,-13.224609,31.197656
DEBUG   ,-13.224609,31.197656
DEBUG   ,-11.258789,34.604297
DEBUG   ,-11.258789,34.604297
DEBUG   ,-5.182617,38.190234
DEBUG   ,-5.182617,38.190234
DEBUG   ,13.224609,9.323437
DEBUG   ,11.258789,6.633984
DEBUG   ,11.258789,6.633984
DEBUG   ,11.258789,6.633984
DEBUG   ,11.258789,6.633984
DEBUG   ,11.258789,6.633984
DEBUG   ,11.258789,6.633984
DEBUG   ,1.250977,2.330859
DEBUG   ,1.250977,2.330859
DEBUG   ,-0.714844,1.792969
DEBUG   ,-0.714844,1.792969
DEBUG   ,1.429688,1.434375
DEBUG   ,1.429688,1.434375
DEBUG   ,-3.574219,1.792969
DEBUG   ,-3.574219,1.792969
DEBUG   ,-6.254883,-1.613672
DEBUG   ,-6.254883,-1.613672
DEBUG   ,-8.220703,0.358594
DEBUG   ,-8.220703,0.358594
DEBUG   ,-9.292969,-1.434375
DEBUG   ,-9.292969,-1.434375
DEBUG   ,-9.292969,-1.434375
DEBUG   ,-9.292969,-1.434375
DEBUG   ,-10.543945,1.613672
DEBUG   ,-10.543945,1.613672
DEBUG   ,-13.224609,3.227344
DEBUG   ,-13.224609,3.227344
DEBUG   ,-15.547852,7.709766
DEBUG   ,-15.547852,7.709766
DEBUG   ,-16.620117,9.144141
DEBUG   ,-16.620117,9.144141
DEBUG   ,-16.620117,14.164453
DEBUG   ,-16.620117,14.164453
DEBUG   ,-18.049805,16.674609
DEBUG   ,-18.049805,16.674609
DEBUG   ,-20.015625,16.136719
DEBUG   ,-20.015625,16.136719
DEBUG   ,-22.517578,15.060937
DEBUG   ,-22.517578,15.060937
DEBUG   ,-22.517578,15.060937
DEBUG   ,-22.517578,15.060937
DEBUG   ,-22.517578,15.060937
DEBUG   ,-22.517578,15.060937
DEBUG   ,-22.696289,9.502734
DEBUG   ,-22.696289,9.502734
DEBUG   ,-19.122070,8.068359
DEBUG   ,-19.122070,8.068359
DEBUG   ,-15.190430,3.406641
DEBUG   ,-15.190430,3.406641
DEBUG   ,-11.437500,3.227344
DEBUG   ,-11.437500,3.227344
DEBUG   ,-5.897461,-0.896484
DEBUG   ,-5.897461,-0.896484
DEBUG   ,-2.144531,0.000000
DEBUG   ,-2.144531,0.000000
DEBUG   ,0.714844,0.358594
DEBUG   ,0.714844,0.358594
DEBUG   ,0.714844,0.358594
DEBUG   ,5.897461,1.613672
DEBUG   ,5.897461,1.613672
DEBUG   ,5.897461,1.613672
DEBUG   ,5.897461,1.613672
DEBUG   ,5.897461,1.613672
DEBUG   ,5.897461,1.613672
DEBUG   ,11.080078,5.737500
DEBUG   ,11.080078,5.737500
DEBUG   ,8.935547,7.889062
DEBUG   ,8.935547,7.889062
DEBUG   ,11.616211,10.937109
DEBUG   ,11.616211,10.937109
DEBUG   ,12.152344,12.550781
DEBUG   ,12.152344,12.550781
DEBUG   ,15.011719,12.550781
DEBUG   ,15.011719,12.550781
DEBUG   ,18.228516,15.419531
DEBUG   ,18.228516,15.419531
DEBUG   ,18.585938,17.571094
DEBUG   ,18.585938,17.571094
DEBUG   ,18.049805,21.694922
DEBUG   ,18.049805,21.694922
DEBUG   ,17.156250,26.177344
DEBUG   ,17.156250,26.177344
DEBUG   ,15.369141,29.046094
DEBUG   ,15.369141,29.046094
DEBUG   ,10.365234,30.480469
DEBUG   ,10.365234,30.480469
DEBUG   ,10.365234,30.480469
DEBUG   ,10.365234,30.480469
DEBUG   ,6.254883,33.528516
DEBUG   ,6.254883,33.528516
DEBUG   ,2.323242,34.604297
DEBUG   ,2.323242,34.604297
DEBUG   ,0.536133,33.887109
DEBUG   ,0.536133,33.887109
DEBUG   ,-3.395508,33.528516
DEBUG   ,-3.395508,33.528516
DEBUG   ,-5.897461,34.245703
DEBUG   ,-5.897461,34.245703
DEBUG   ,-6.254883,34.245703
DEBUG   ,-6.254883,34.245703
DEBUG   ,-6.254883,36.038672
DEBUG   ,-6.254883,36.038672
DEBUG   ,-8.935547,31.914844
DEBUG   ,-8.935547,31.914844
DEBUG   ,-8.935547,31.914844
DEBUG   ,-8.935547,31.914844
DEBUG   ,-10.186523,31.735547
DEBUG   ,-10.186523,31.735547
DEBUG   ,-15.190430,28.508203
DEBUG   ,-15.190430,28.508203
DEBUG   ,-17.513672,29.404687
DEBUG   ,-17.513672,29.404687
DEBUG   ,-16.620117,28.866797
DEBUG   ,-16.620117,28.866797
DEBUG   ,-18.049805,27.791016
DEBUG   ,-18.049805,27.791016
DEBUG   ,-20.909180,27.073828
DEBUG   ,-20.909180,27.073828
DEBUG   ,-20.551758,23.487891
DEBUG   ,-20.551758,23.487891
DEBUG   ,-24.125977,20.619141
DEBUG   ,-24.125977,20.619141
DEBUG   ,-24.125977,20.619141
DEBUG   ,-24.125977,20.619141
DEBUG   ,-25.555664,22.412109
DEBUG   ,-25.555664,22.412109
DEBUG   ,-22.696289,23.129297
DEBUG   ,-22.696289,23.129297
DEBUG   ,-20.194336,24.205078
DEBUG   ,-20.194336,24.205078
DEBUG   ,-16.262695,30.301172
DEBUG   ,-16.262695,30.301172
DEBUG   ,-12.331055,32.452734
DEBUG   ,-12.331055,32.452734
DEBUG   ,-8.220703,34.783594
DEBUG   ,-8.220703,34.783594
DEBUG   ,-4.110352,37.114453
DEBUG   ,-4.110352,37.114453
DEBUG   ,-4.110352,37.114453
DEBUG   ,-4.110352,37.114453
DEBUG   ,-4.110352,37.114453
DEBUG   ,-4.110352,37.114453
DEBUG   ,5.540039,39.983203
DEBUG   ,5.540039,39.983203
DEBUG   ,9.114258,38.548828
DEBUG   ,9.114258,38.548828
DEBUG   ,12.331055,33.887109
DEBUG   ,12.331055,33.887109
DEBUG   ,11.794922,30.839063
DEBUG   ,11.794922,30.839063
DEBUG   ,-18.228516,11.475000
DEBUG   ,-21.266602,12.730078
DEBUG   ,-21.266602,12.730078
DEBUG   ,-23.768555,17.750391
DEBUG   ,-23.768555,17.750391
DEBUG   ,-22.338867,18.826172
DEBUG   ,-22.338867,18.826172
DEBUG   ,-23.232422,20.439844
DEBUG   ,-23.232422,20.439844
DEBUG   ,-21.802734,20.081250
DEBUG   ,-21.802734,20.081250
DEBUG   ,-20.015625,20.798437
DEBUG   ,-20.015625,20.798437
DEBUG   ,-18.585938,19.005469
DEBUG   ,-18.585938,19.005469
DEBUG   ,-18.585938,19.005469
DEBUG   ,-18.585938,19.005469
DEBUG   ,-19.300781,14.343750
DEBUG   ,-19.300781,14.343750
DEBUG   ,-17.513672,12.550781
DEBUG   ,-17.513672,12.550781
DEBUG   ,-16.441406,11.833594
DEBUG   ,-16.441406,11.833594
DEBUG   ,-16.798828,10.040625
DEBUG   ,-16.798828,10.040625
DEBUG   ,-14.296875,5.737500
DEBUG   ,-14.296875,5.737500
DEBUG   ,-10.007812,3.585938
DEBUG   ,-10.007812,3.585938
DEBUG   ,-8.935547,3.585938
DEBUG   ,-8.935547,3.585938
DEBUG   ,-9.292969,0.358594
DEBUG   ,-9.292969,0.358594
DEBUG   ,-9.292969,0.358594
DEBUG   ,-9.292969,0.358594
DEBUG   ,-4.289062,1.792969
DEBUG   ,-4.289062,1.792969
DEBUG   ,-1.787109,1.075781
DEBUG   ,-1.787109,1.075781
DEBUG   ,1.429688,0.358594
DEBUG   ,1.429688,0.358594
DEBUG   ,8.220703,1.075781
DEBUG   ,8.220703,1.075781
DEBUG   ,9.650391,3.944531
DEBUG   ,9.650391,3.944531
DEBUG   ,13.403320,6.633984
DEBUG   ,13.403320,6.633984
DEBUG   ,13.403320,6.633984
DEBUG   ,13.403320,6.633984
DEBUG   ,13.403320,6.633984
DEBUG   ,15.369141,10.757812
DEBUG   ,15.369141,10.757812
DEBUG   ,16.441406,13.985156
DEBUG   ,16.441406,13.985156
DEBUG   ,14.475586,17.033203
DEBUG   ,14.475586,17.033203
DEBUG   ,13.403320,20.619141
DEBUG   ,13.403320,20.619141
DEBUG   ,16.620117,23.487891
DEBUG   ,16.620117,23.487891
DEBUG   ,12.688477,23.846484
DEBUG   ,12.688477,23.846484
DEBUG   ,12.509766,26.177344
DEBUG   ,12.509766,26.177344
DEBUG   ,11.258789,28.866797
DEBUG   ,11.258789,28.866797
DEBUG   ,11.258789,28.866797
DEBUG   ,11.258789,28.866797
DEBUG   ,1.250977,33.169922
DEBUG   ,1.250977,33.169922
DEBUG   ,-1.429688,36.576563
DEBUG   ,-1.429688,36.576563
DEBUG   ,-2.680664,36.038672
DEBUG   ,-2.680664,36.038672
DEBUG   ,-1.608398,33.528516
DEBUG   ,-1.608398,33.528516
DEBUG   ,-5.718750,31.556250
DEBUG   ,-5.718750,31.556250
DEBUG   ,-5.540039,31.735547
DEBUG   ,-5.540039,31.735547
DEBUG   ,-8.935547,33.349219
DEBUG   ,-8.935547,33.349219
DEBUG   ,-12.331055,33.887109
DEBUG   ,-12.331055,33.887109
DEBUG   ,-14.654297,33.349219
DEBUG   ,-14.654297,33.349219
DEBUG   ,-14.654297,33.349219
DEBUG   ,-14.654297,33.349219
DEBUG   ,-20.551758,26.715234
DEBUG   ,-20.551758,26.715234
DEBUG   ,-25.019531,23.308594
DEBUG   ,-25.019531,23.308594
DEBUG   ,-26.270508,22.053516
DEBUG   ,-26.270508,22.053516
DEBUG   ,-26.806641,19.364062
DEBUG   ,-26.806641,19.364062
DEBUG   ,-25.913086,20.260547
DEBUG   ,-25.913086,20.260547
DEBUG   ,-22.338867,18.108984
DEBUG   ,-22.338867,18.108984
DEBUG   ,-19.658203,16.136719
DEBUG   ,-19.658203,16.136719
DEBUG   ,-18.585938,19.364062
DEBUG   ,-18.585938,19.364062
DEBUG   ,-17.334961,21.336328
DEBUG   ,-17.334961,21.336328
DEBUG   ,-18.049805,27.073828
DEBUG   ,-18.049805,27.073828
DEBUG   ,-18.049805,27.073828
DEBUG   ,-18.049805,27.073828
DEBUG   ,-12.688477,30.659766
DEBUG   ,-12.688477,30.659766
DEBUG   ,-10.722656,31.914844
DEBUG   ,-10.722656,31.914844
DEBUG   ,-8.756836,32.452734
DEBUG   ,-8.756836,32.452734
DEBUG   ,-7.327148,36.755859
DEBUG   ,-7.327148,36.755859
DEBUG   ,-3.752930,36.397266
DEBUG   ,-3.752930,36.397266
DEBUG   ,-1.787109,38.369531
DEBUG   ,-1.787109,38.369531
DEBUG   ,-0.357422,35.500781
DEBUG   ,-0.357422,35.500781
DEBUG   ,-0.357422,35.500781
DEBUG   ,-0.357422,35.500781
DEBUG   ,7.148438,35.859375
DEBUG   ,7.148438,35.859375
DEBUG   ,9.292969,33.349219
DEBUG   ,9.292969,33.349219
DEBUG   ,15.369141,31.556250
DEBUG   ,15.369141,31.556250
DEBUG   ,17.692383,27.073828
DEBUG   ,17.692383,27.073828
DEBUG   ,19.479492,25.639453
DEBUG   ,19.479492,25.639453
DEBUG   ,19.658203,25.460156
DEBUG   ,19.658203,25.460156
DEBUG   ,20.551758,24.922266
DEBUG   ,20.551758,24.922266
DEBUG   ,18.407227,24.205078
DEBUG   ,18.407227,24.205078
DEBUG   ,18.407227,24.205078
DEBUG   ,18.407227,24.205078
DEBUG   ,18.407227,24.205078
DEBUG   ,18.407227,24.205078
DEBUG   ,15.547852,13.447266
DEBUG   ,15.547852,13.447266
DEBUG   ,13.224609,10.757812
DEBUG   ,13.224609,10.757812
DEBUG   ,-4.467773,-0.179297
DEBUG   ,-2.859375,-1.792969
DEBUG   ,-2.859375,-1.792969
DEBUG   ,-2.859375,-1.792969
DEBUG   ,-2.859375,-1.792969
DEBUG   ,0.357422,-0.717187
DEBUG   ,0.357422,-0.717187
DEBUG   ,3.931641,0.358594
DEBUG   ,3.931641,0.358594
DEBUG   ,5.540039,3.765234
DEBUG   ,5.540039,3.765234
DEBUG   ,13.045898,4.482422
DEBUG   ,13.045898,4.482422
DEBUG   ,14.475586,3.765234
DEBUG   ,14.475586,3.765234
DEBUG   ,14.475586,6.275391
DEBUG   ,14.475586,6.275391
DEBUG   ,16.441406,7.171875
DEBUG   ,16.441406,7.171875
DEBUG   ,17.692383,12.012891
DEBUG   ,17.692383,12.012891
DEBUG   ,17.334961,15.240234
DEBUG   ,17.334961,15.240234
DEBUG   ,17.334961,15.240234
DEBUG   ,17.334961,15.240234
DEBUG   ,16.977539,16.674609
DEBUG   ,16.977539,16.674609
DEBUG   ,15.369141,20.798437
DEBUG   ,15.369141,20.798437
DEBUG   ,14.833008,20.619141
DEBUG   ,14.833008,20.619141
DEBUG   ,13.582031,21.874219
DEBUG   ,13.582031,21.874219
DEBUG   ,11.794922,24.384375
DEBUG   ,11.794922,24.384375
DEBUG   ,11.080078,24.025781
DEBUG   ,11.080078,24.025781
DEBUG   ,9.471680,26.356641
DEBUG   ,9.471680,26.356641
DEBUG   ,11.080078,28.328906
DEBUG   ,11.080078,28.328906
DEBUG   ,11.080078,28.328906
DEBUG   ,11.080078,28.328906
DEBUG   ,10.901367,32.094141
DEBUG   ,10.901367,32.094141
DEBUG   ,9.471680,30.659766
DEBUG   ,9.471680,30.659766
DEBUG   ,9.471680,32.452734
DEBUG   ,9.471680,32.452734
DEBUG   ,7.863281,33.707812
DEBUG   ,7.863281,33.707812
DEBUG   ,6.791016,35.500781
DEBUG   ,6.791016,35.500781
DEBUG   ,6.791016,35.500781
DEBUG   ,4.289062,35.142187
DEBUG   ,4.289062,35.142187
DEBUG   ,4.646484,38.010937
DEBUG   ,4.646484,38.010937
DEBUG   ,4.646484,38.010937
DEBUG   ,4.646484,38.010937
DEBUG   ,4.646484,38.010937
DEBUG   ,4.646484,38.010937
DEBUG   ,6.433594,33.707812
DEBUG   ,6.433594,33.707812
DEBUG   ,7.327148,32.452734
DEBUG   ,7.327148,32.452734
DEBUG   ,8.578125,30.121875
DEBUG   ,8.578125,30.121875
DEBUG   ,9.114258,27.791016
DEBUG   ,9.114258,27.791016
DEBUG   ,11.437500,26.894531
DEBUG   ,11.437500,26.894531
DEBUG   ,14.475586,22.412109
DEBUG   ,14.475586,22.412109
DEBUG   ,16.441406,21.874219
DEBUG   ,16.441406,21.874219
DEBUG   ,16.977539,19.901953
DEBUG   ,16.977539,19.901953
DEBUG   ,18.228516,17.571094
DEBUG   ,18.228516,17.571094
DEBUG   ,18.228516,17.571094
DEBUG   ,18.228516,17.571094
DEBUG   ,18.943359,14.702344
DEBUG   ,18.943359,14.702344
DEBUG   ,18.407227,14.523047
DEBUG   ,18.407227,14.523047
DEBUG   ,16.262695,12.371484
DEBUG   ,16.262695,12.371484
DEBUG   ,16.083984,9.682031
DEBUG   ,16.083984,9.682031
DEBUG   ,14.118164,8.426953
DEBUG   ,14.118164,8.426953
DEBUG   ,10.543945,6.633984
DEBUG   ,10.543945,6.633984
DEBUG   ,6.612305,4.123828
DEBUG   ,6.612305,4.123828
DEBUG   ,7.148438,4.303125
DEBUG   ,7.148438,4.303125
DEBUG   ,7.148438,4.303125
DEBUG   ,7.148438,4.303125
DEBUG   ,7.148438,4.303125
DEBUG   ,7.148438,4.303125
DEBUG   ,5.003906,0.000000
DEBUG   ,5.003906,0.000000
DEBUG   ,5.182617,-1.613672
DEBUG   ,5.182617,-1.613672
DEBUG   ,3.395508,-3.048047
DEBUG   ,3.395508,-3.048047
DEBUG   ,0.536133,-4.123828
DEBUG   ,0.536133,-4.123828
DEBUG   ,0.536133,-0.896484
DEBUG   ,0.536133,-0.896484
DEBUG   ,0.000000,0.358594
DEBUG   ,0.000000,0.358594
DEBUG   ,-2.323242,0.896484
DEBUG   ,-2.323242,0.896484
DEBUG   ,-2.323242,0.896484
DEBUG   ,-2.323242,0.896484
DEBUG   ,-3.931641,-0.358594
DEBUG   ,-3.931641,-0.358594
DEBUG   ,-5.182617,-0.537891
DEBUG   ,-5.182617,-0.537891
DEBUG   ,-8.578125,0.000000
DEBUG   ,-8.578125,0.000000
DEBUG   ,-8.935547,0.358594
DEBUG   ,-8.935547,0.358594
DEBUG   ,-9.650391,0.000000
DEBUG   ,-9.650391,0.000000
DEBUG   ,-10.365234,-1.434375
DEBUG   ,-10.365234,-1.434375
DEBUG   ,-9.292969,-3.227344
DEBUG   ,-9.292969,-3.227344
DEBUG   ,-9.292969,-3.227344
DEBUG   ,-9.292969,-3.227344
DEBUG   ,-4.289062,-1.792969
DEBUG   ,-4.289062,-1.792969
DEBUG   ,-2.501953,-2.510156
DEBUG   ,-2.501953,-2.510156
DEBUG   ,1.250977,-1.255078
DEBUG   ,1.250977,-1.255078
DEBUG   ,3.038086,-1.255078
DEBUG   ,3.038086,-1.255078
DEBUG   ,3.931641,-0.358594
DEBUG   ,3.931641,-0.358594
DEBUG   ,3.931641,-0.358594
DEBUG   ,6.076172,-0.358594
DEBUG   ,6.076172,-0.358594
DEBUG   ,6.076172,-0.358594
DEBUG   ,6.076172,-0.358594
WARNING ,end calibrateMag
WARNING ,End calibrate IMU & Re-enable GPS messages
WARNING ,Begin try:while(True):
INFO    ,bearRel: 114.391473
INFO    ,bearRel: 145.481205
INFO    ,bearRel: 145.481205
INFO    ,bearRel: 145.481205
INFO    ,bearRel: 145.481205
INFO    ,bearRel: 146.485456
INFO    ,bearRel: 146.485456
INFO    ,bearRel: 146.485456
INFO    ,bearRel: 146.485456
INFO    ,bearRel: 146.485456
INFO    ,bearRel: 146.485456
INFO    ,bearRel: 146.485456
INFO    ,bearRel: 146.485456
INFO    ,bearRel: 146.485456
INFO    ,bearRel: 146.485456
INFO    ,bearRel: 146.485456
INFO    ,bearRel: 146.485456
INFO    ,bearRel: 146.485456
INFO    ,bearRel: 146.485456
INFO    ,bearRel: 146.485456
INFO    ,bearRel: 146.485456
INFO    ,bearRel: 146.485456
INFO    ,bearRel: 146.485456
INFO    ,bearRel: 146.485456
INFO    ,bearRel: 146.485456
INFO    ,bearRel: 146.485456
INFO    ,bearRel: 146.485456
INFO    ,bearRel: 146.485456
INFO    ,bearRel: 146.485456
INFO    ,bearRel: 146.485456
INFO    ,bearRel: 146.485456
INFO    ,bearRel: 146.485456
INFO    ,bearRel: 146.485456
INFO    ,bearRel: 146.485456
INFO    ,bearRel: 146.485456
INFO    ,bearRel: 149.941418
INFO    ,bearRel: 149.941418
INFO    ,bearRel: 149.941418
INFO    ,bearRel: 149.941418
INFO    ,bearRel: 149.941418
INFO    ,bearRel: 149.941418
INFO    ,bearRel: 149.941418
INFO    ,bearRel: 149.941418
INFO    ,bearRel: 149.941418
INFO    ,bearRel: 149.941418
INFO    ,bearRel: 139.954033
INFO    ,bearRel: 139.954033
INFO    ,bearRel: 139.954033
INFO    ,bearRel: 139.954033
INFO    ,bearRel: 139.954033
INFO    ,bearRel: 139.954033
INFO    ,bearRel: 139.954033
INFO    ,bearRel: 139.954033
INFO    ,bearRel: 139.954033
INFO    ,bearRel: 139.954033
INFO    ,bearRel: 143.872885
INFO    ,bearRel: 143.872885
INFO    ,bearRel: 143.872885
INFO    ,bearRel: 143.872885
INFO    ,bearRel: 143.872885
INFO    ,bearRel: 143.872885
INFO    ,bearRel: 143.872885
INFO    ,bearRel: 143.872885
INFO    ,bearRel: 143.872885
INFO    ,bearRel: 143.872885
INFO    ,bearRel: 157.265506
INFO    ,bearRel: 157.265506
INFO    ,bearRel: 157.265506
INFO    ,bearRel: 157.265506
INFO    ,bearRel: 157.265506
INFO    ,bearRel: 157.265506
INFO    ,bearRel: 157.265506
INFO    ,bearRel: 157.265506
INFO    ,bearRel: 157.265506
INFO    ,bearRel: 157.265506
INFO    ,bearRel: 139.284817
INFO    ,bearRel: 139.284817
INFO    ,bearRel: 139.284817
INFO    ,bearRel: 139.284817
INFO    ,bearRel: 139.284817
INFO    ,bearRel: 139.284817
INFO    ,bearRel: 139.284817
INFO    ,bearRel: 139.284817
INFO    ,bearRel: 139.284817
INFO    ,bearRel: 139.284817
INFO    ,bearRel: 159.026039
INFO    ,bearRel: 159.026039
INFO    ,bearRel: 159.026039
INFO    ,bearRel: 159.026039
INFO    ,bearRel: 159.026039
INFO    ,bearRel: 159.026039
INFO    ,bearRel: 159.026039
INFO    ,bearRel: 159.026039
INFO    ,bearRel: 159.026039
INFO    ,bearRel: 159.026039
INFO    ,bearRel: 159.026039
INFO    ,bearRel: 159.026039
INFO    ,bearRel: 159.026039
INFO    ,bearRel: 159.026039
INFO    ,bearRel: 159.026039
INFO    ,bearRel: 159.026039
INFO    ,bearRel: 159.026039
INFO    ,bearRel: 159.026039
INFO    ,bearRel: 159.026039
INFO    ,bearRel: 159.026039
INFO    ,bearRel: 159.026039
INFO    ,bearRel: 159.026039
INFO    ,bearRel: 159.026039
INFO    ,bearRel: 159.026039
INFO    ,bearRel: 159.026039
INFO    ,bearRel: 159.026039
INFO    ,bearRel: 159.026039
INFO    ,bearRel: 159.026039
INFO    ,bearRel: 159.026039
INFO    ,bearRel: 159.026039
INFO    ,bearRel: 173.384598
INFO    ,bearRel: 173.384598
INFO    ,bearRel: 173.384598
INFO    ,bearRel: 173.384598
INFO    ,bearRel: 173.384598
INFO    ,bearRel: 173.384598
INFO    ,bearRel: 173.384598
INFO    ,bearRel: 173.384598
INFO    ,bearRel: 173.384598
INFO    ,bearRel: 173.384598
INFO    ,bearRel: 173.384598
INFO    ,bearRel: -172.709630
INFO    ,bearRel: -172.709630
INFO    ,bearRel: -172.709630
INFO    ,bearRel: -172.709630
INFO    ,bearRel: -172.709630
INFO    ,bearRel: -172.709630
INFO    ,bearRel: -172.709630
INFO    ,bearRel: -172.709630
INFO    ,bearRel: -172.709630
INFO    ,bearRel: -172.709630
INFO    ,bearRel: 173.070459
INFO    ,bearRel: 173.070459
INFO    ,bearRel: 173.070459
INFO    ,bearRel: 173.070459
INFO    ,bearRel: 173.070459
INFO    ,bearRel: 173.070459
INFO    ,bearRel: 173.070459
INFO    ,bearRel: 173.070459
INFO    ,bearRel: 173.070459
INFO    ,bearRel: 173.070459
INFO    ,bearRel: -167.319733
INFO    ,bearRel: -167.319733
INFO    ,bearRel: -167.319733
INFO    ,bearRel: -167.319733
INFO    ,bearRel: -167.319733
INFO    ,bearRel: -167.319733
INFO    ,bearRel: -167.319733
INFO    ,bearRel: -167.319733
INFO    ,bearRel: -167.319733
INFO    ,bearRel: -167.319733
INFO    ,bearRel: -167.319733
INFO    ,bearRel: -171.815627
INFO    ,bearRel: -171.815627
INFO    ,bearRel: -171.815627
INFO    ,bearRel: -171.815627
INFO    ,bearRel: -171.815627
INFO    ,bearRel: -171.815627
INFO    ,bearRel: -171.815627
INFO    ,bearRel: -171.815627
INFO    ,bearRel: -171.815627
INFO    ,bearRel: -171.815627
INFO    ,bearRel: -167.235461
INFO    ,bearRel: -167.235461
INFO    ,bearRel: -167.235461
INFO    ,bearRel: -167.235461
INFO    ,bearRel: -167.235461
INFO    ,bearRel: -167.235461
INFO    ,bearRel: -167.235461
INFO    ,bearRel: -167.235461
INFO    ,bearRel: -167.235461
INFO    ,bearRel: -167.235461
INFO    ,bearRel: -167.235461
INFO    ,bearRel: -167.235461
INFO    ,bearRel: -167.235461
INFO    ,bearRel: -167.235461
INFO    ,bearRel: -167.235461
INFO    ,bearRel: -167.235461
INFO    ,bearRel: -167.235461
INFO    ,bearRel: -167.235461
INFO    ,bearRel: -167.235461
INFO    ,bearRel: -167.235461
INFO    ,bearRel: -164.431363
INFO    ,bearRel: -164.431363
INFO    ,bearRel: -164.431363
INFO    ,bearRel: -164.431363
INFO    ,bearRel: -164.431363
INFO    ,bearRel: -164.431363
INFO    ,bearRel: -164.431363
INFO    ,bearRel: -164.431363
INFO    ,bearRel: -164.431363
INFO    ,bearRel: -164.431363
INFO    ,bearRel: -166.930876
INFO    ,bearRel: -166.930876
INFO    ,bearRel: -166.930876
INFO    ,bearRel: -166.930876
INFO    ,bearRel: -166.930876
INFO    ,bearRel: -166.930876
INFO    ,bearRel: -166.930876
INFO    ,bearRel: -166.930876
INFO    ,bearRel: -166.930876
INFO    ,bearRel: -166.930876
INFO    ,bearRel: -164.167110
INFO    ,bearRel: -164.167110
INFO    ,bearRel: -164.167110
INFO    ,bearRel: -164.167110
INFO    ,bearRel: -164.167110
INFO    ,bearRel: -164.167110
INFO    ,bearRel: -164.167110
INFO    ,bearRel: -164.167110
INFO    ,bearRel: -164.167110
INFO    ,bearRel: -164.167110
INFO    ,bearRel: -161.699468
INFO    ,bearRel: -161.699468
INFO    ,bearRel: -161.699468
INFO    ,bearRel: -161.699468
INFO    ,bearRel: -161.699468
INFO    ,bearRel: -161.699468
INFO    ,bearRel: -161.699468
INFO    ,bearRel: -161.699468
INFO    ,bearRel: -161.699468
INFO    ,bearRel: -161.699468
INFO    ,bearRel: -171.809758
INFO    ,bearRel: -171.809758
INFO    ,bearRel: -171.809758
INFO    ,bearRel: -171.809758
INFO    ,bearRel: -171.809758
INFO    ,bearRel: -171.809758
INFO    ,bearRel: -171.809758
INFO    ,bearRel: -171.809758
INFO    ,bearRel: -171.809758
INFO    ,bearRel: -171.809758
INFO    ,bearRel: -168.129185
INFO    ,bearRel: -168.129185
INFO    ,bearRel: -168.129185
INFO    ,bearRel: -168.129185
INFO    ,bearRel: -168.129185
INFO    ,bearRel: -168.129185
INFO    ,bearRel: -168.129185
INFO    ,bearRel: -168.129185
INFO    ,bearRel: -168.129185
INFO    ,bearRel: -168.129185
INFO    ,bearRel: -158.720331
INFO    ,bearRel: -158.720331
INFO    ,bearRel: -158.720331
INFO    ,bearRel: -158.720331
INFO    ,bearRel: -158.720331
INFO    ,bearRel: -158.720331
INFO    ,bearRel: -158.720331
INFO    ,bearRel: -158.720331
INFO    ,bearRel: -158.720331
INFO    ,bearRel: -158.720331
INFO    ,bearRel: -158.720331
INFO    ,bearRel: -158.720331
INFO    ,bearRel: -158.720331
INFO    ,bearRel: -158.720331
INFO    ,bearRel: -158.720331
INFO    ,bearRel: -158.720331
INFO    ,bearRel: -158.720331
INFO    ,bearRel: -158.720331
INFO    ,bearRel: -158.720331
INFO    ,bearRel: -158.720331
INFO    ,bearRel: 177.735039
INFO    ,bearRel: 177.735039
INFO    ,bearRel: 177.735039
INFO    ,bearRel: 177.735039
INFO    ,bearRel: 177.735039
INFO    ,bearRel: 177.735039
INFO    ,bearRel: 177.735039
INFO    ,bearRel: 177.735039
INFO    ,bearRel: 177.735039
INFO    ,bearRel: 177.735039
INFO    ,bearRel: -166.526187
INFO    ,bearRel: -166.526187
INFO    ,bearRel: -166.526187
INFO    ,bearRel: -166.526187
INFO    ,bearRel: -166.526187
INFO    ,bearRel: -166.526187
INFO    ,bearRel: -166.526187
INFO    ,bearRel: -166.526187
INFO    ,bearRel: -166.526187
INFO    ,bearRel: -166.526187
INFO    ,bearRel: -152.716726
INFO    ,bearRel: -152.716726
INFO    ,bearRel: -152.716726
INFO    ,bearRel: -152.716726
INFO    ,bearRel: -152.716726
INFO    ,bearRel: -152.716726
INFO    ,bearRel: -152.716726
INFO    ,bearRel: -152.716726
INFO    ,bearRel: -152.716726
INFO    ,bearRel: -152.716726
INFO    ,bearRel: -147.574853
INFO    ,bearRel: -147.574853
INFO    ,bearRel: -147.574853
INFO    ,bearRel: -147.574853
INFO    ,bearRel: -147.574853
INFO    ,bearRel: -147.574853
INFO    ,bearRel: -147.574853
INFO    ,bearRel: -147.574853
INFO    ,bearRel: -147.574853
INFO    ,bearRel: -147.574853
INFO    ,bearRel: -158.660393
INFO    ,bearRel: -158.660393
INFO    ,bearRel: -158.660393
INFO    ,bearRel: -158.660393
INFO    ,bearRel: -158.660393
INFO    ,bearRel: -158.660393
INFO    ,bearRel: -158.660393
INFO    ,bearRel: -158.660393
INFO    ,bearRel: -158.660393
INFO    ,bearRel: -158.660393
INFO    ,bearRel: -150.514244
INFO    ,bearRel: -150.514244
INFO    ,bearRel: -150.514244
INFO    ,bearRel: -150.514244
INFO    ,bearRel: -150.514244
INFO    ,bearRel: -150.514244
INFO    ,bearRel: -150.514244
INFO    ,bearRel: -150.514244
INFO    ,bearRel: -150.514244
INFO    ,bearRel: -150.514244
INFO    ,bearRel: -150.514244
INFO    ,bearRel: -152.521496
INFO    ,bearRel: -152.521496
INFO    ,bearRel: -152.521496
INFO    ,bearRel: -152.521496
INFO    ,bearRel: -152.521496
INFO    ,bearRel: -152.521496
INFO    ,bearRel: -152.521496
INFO    ,bearRel: -152.521496
INFO    ,bearRel: -152.521496
INFO    ,bearRel: -152.521496
INFO    ,bearRel: -152.521496
INFO    ,bearRel: -152.521496
INFO    ,bearRel: -152.521496
INFO    ,bearRel: -152.521496
INFO    ,bearRel: -152.521496
INFO    ,bearRel: -152.521496
INFO    ,bearRel: -152.521496
INFO    ,bearRel: -152.521496
INFO    ,bearRel: -152.521496
INFO    ,bearRel: -152.521496
INFO    ,bearRel: -142.624768
INFO    ,bearRel: -142.624768
INFO    ,bearRel: -142.624768
INFO    ,bearRel: -142.624768
INFO    ,bearRel: -142.624768
INFO    ,bearRel: -142.624768
INFO    ,bearRel: -142.624768
INFO    ,bearRel: -142.624768
INFO    ,bearRel: -142.624768
INFO    ,bearRel: -142.624768
INFO    ,bearRel: -149.439972
INFO    ,bearRel: -149.439972
INFO    ,bearRel: -149.439972
INFO    ,bearRel: -149.439972
INFO    ,bearRel: -149.439972
INFO    ,bearRel: -149.439972
INFO    ,bearRel: -149.439972
INFO    ,bearRel: -149.439972
INFO    ,bearRel: -149.439972
INFO    ,bearRel: -149.439972
INFO    ,bearRel: -153.288933
INFO    ,bearRel: -153.288933
INFO    ,bearRel: -153.288933
INFO    ,bearRel: -153.288933
INFO    ,bearRel: -153.288933
INFO    ,bearRel: -153.288933
INFO    ,bearRel: -153.288933
INFO    ,bearRel: -153.288933
INFO    ,bearRel: -153.288933
INFO    ,bearRel: -153.288933
INFO    ,bearRel: -153.288933
INFO    ,bearRel: -152.869443
INFO    ,bearRel: -152.869443
INFO    ,bearRel: -152.869443
INFO    ,bearRel: -152.869443
INFO    ,bearRel: -152.869443
INFO    ,bearRel: -152.869443
INFO    ,bearRel: -152.869443
INFO    ,bearRel: -152.869443
INFO    ,bearRel: -152.869443
INFO    ,bearRel: -152.869443
INFO    ,bearRel: -143.685217
INFO    ,bearRel: -143.685217
INFO    ,bearRel: -143.685217
INFO    ,bearRel: -143.685217
INFO    ,bearRel: -143.685217
INFO    ,bearRel: -143.685217
INFO    ,bearRel: -143.685217
INFO    ,bearRel: -143.685217
INFO    ,bearRel: -143.685217
INFO    ,bearRel: -143.685217
INFO    ,bearRel: -137.127349
INFO    ,bearRel: -137.127349
INFO    ,bearRel: -137.127349
INFO    ,bearRel: -137.127349
INFO    ,bearRel: -137.127349
INFO    ,bearRel: -137.127349
INFO    ,bearRel: -137.127349
INFO    ,bearRel: -137.127349
INFO    ,bearRel: -137.127349
INFO    ,bearRel: -137.127349
INFO    ,bearRel: -136.121223
INFO    ,bearRel: -136.121223
INFO    ,bearRel: -136.121223
INFO    ,bearRel: -136.121223
INFO    ,bearRel: -136.121223
INFO    ,bearRel: -136.121223
INFO    ,bearRel: -136.121223
INFO    ,bearRel: -136.121223
INFO    ,bearRel: -136.121223
INFO    ,bearRel: -136.121223
INFO    ,bearRel: -126.001928
INFO    ,bearRel: -126.001928
INFO    ,bearRel: -126.001928
INFO    ,bearRel: -126.001928
INFO    ,bearRel: -126.001928
INFO    ,bearRel: -126.001928
INFO    ,bearRel: -126.001928
INFO    ,bearRel: -126.001928
INFO    ,bearRel: -126.001928
INFO    ,bearRel: -126.001928
INFO    ,bearRel: -126.001928
INFO    ,bearRel: -126.001928
INFO    ,bearRel: -126.001928
INFO    ,bearRel: -126.001928
INFO    ,bearRel: -126.001928
INFO    ,bearRel: -126.001928
INFO    ,bearRel: -126.001928
INFO    ,bearRel: -126.001928
INFO    ,bearRel: -126.001928
INFO    ,bearRel: -126.001928
INFO    ,bearRel: -105.194646
INFO    ,bearRel: -105.194646
INFO    ,bearRel: -105.194646
INFO    ,bearRel: -105.194646
INFO    ,bearRel: -105.194646
INFO    ,bearRel: -105.194646
INFO    ,bearRel: -105.194646
INFO    ,bearRel: -105.194646
INFO    ,bearRel: -105.194646
INFO    ,bearRel: -105.194646
INFO    ,bearRel: -94.769345
INFO    ,bearRel: -94.769345
INFO    ,bearRel: -94.769345
INFO    ,bearRel: -94.769345
INFO    ,bearRel: -94.769345
INFO    ,bearRel: -94.769345
INFO    ,bearRel: -94.769345
INFO    ,bearRel: -94.769345
INFO    ,bearRel: -94.769345
INFO    ,bearRel: -94.769345
INFO    ,bearRel: -99.188567
INFO    ,bearRel: -99.188567
INFO    ,bearRel: -99.188567
INFO    ,bearRel: -99.188567
INFO    ,bearRel: -99.188567
INFO    ,bearRel: -99.188567
INFO    ,bearRel: -99.188567
INFO    ,bearRel: -99.188567
INFO    ,bearRel: -99.188567
INFO    ,bearRel: -99.188567
INFO    ,bearRel: -102.305235
INFO    ,bearRel: -102.305235
INFO    ,bearRel: -102.305235
INFO    ,bearRel: -102.305235
INFO    ,bearRel: -102.305235
INFO    ,bearRel: -102.305235
INFO    ,bearRel: -102.305235
INFO    ,bearRel: -102.305235
INFO    ,bearRel: -102.305235
INFO    ,bearRel: -102.305235
INFO    ,bearRel: -112.013092
INFO    ,bearRel: -112.013092
INFO    ,bearRel: -112.013092
INFO    ,bearRel: -112.013092
INFO    ,bearRel: -112.013092
INFO    ,bearRel: -112.013092
INFO    ,bearRel: -112.013092
INFO    ,bearRel: -112.013092
INFO    ,bearRel: -112.013092
INFO    ,bearRel: -112.013092
INFO    ,bearRel: -91.018060
INFO    ,bearRel: -91.018060
INFO    ,bearRel: -91.018060
INFO    ,bearRel: -91.018060
INFO    ,bearRel: -91.018060
INFO    ,bearRel: -91.018060
INFO    ,bearRel: -91.018060
INFO    ,bearRel: -91.018060
INFO    ,bearRel: -91.018060
INFO    ,bearRel: -91.018060
INFO    ,bearRel: -58.873617
INFO    ,bearRel: -58.873617
INFO    ,bearRel: -58.873617
INFO    ,bearRel: -58.873617
INFO    ,bearRel: -58.873617
INFO    ,bearRel: -58.873617
INFO    ,bearRel: -58.873617
INFO    ,bearRel: -58.873617
INFO    ,bearRel: -58.873617
INFO    ,bearRel: -58.873617
INFO    ,bearRel: -58.873617
INFO    ,bearRel: -58.873617
INFO    ,bearRel: -58.873617
INFO    ,bearRel: -58.873617
INFO    ,bearRel: -58.873617
INFO    ,bearRel: -58.873617
INFO    ,bearRel: -58.873617
INFO    ,bearRel: -58.873617
INFO    ,bearRel: -58.873617
INFO    ,bearRel: -58.873617
INFO    ,bearRel: -58.873617
INFO    ,bearRel: -58.873617
INFO    ,bearRel: -58.873617
INFO    ,bearRel: -58.873617
INFO    ,bearRel: -58.873617
INFO    ,bearRel: -58.873617
INFO    ,bearRel: -58.873617
INFO    ,bearRel: -58.873617
INFO    ,bearRel: -58.873617
INFO    ,bearRel: -58.873617
INFO    ,bearRel: -82.992916
INFO    ,bearRel: -82.992916
INFO    ,bearRel: -82.992916
INFO    ,bearRel: -82.992916
INFO    ,bearRel: -82.992916
INFO    ,bearRel: -82.992916
INFO    ,bearRel: -82.992916
INFO    ,bearRel: -82.992916
INFO    ,bearRel: -82.992916
INFO    ,bearRel: -82.992916
INFO    ,bearRel: -76.927591
INFO    ,bearRel: -76.927591
INFO    ,bearRel: -76.927591
INFO    ,bearRel: -76.927591
INFO    ,bearRel: -76.927591
INFO    ,bearRel: -76.927591
INFO    ,bearRel: -76.927591
INFO    ,bearRel: -76.927591
INFO    ,bearRel: -76.927591
INFO    ,bearRel: -72.747923
INFO    ,bearRel: -72.747923
INFO    ,bearRel: -72.747923
INFO    ,bearRel: -72.747923
INFO    ,bearRel: -72.747923
INFO    ,bearRel: -72.747923
INFO    ,bearRel: -72.747923
INFO    ,bearRel: -72.747923
INFO    ,bearRel: -72.747923
INFO    ,bearRel: -72.747923
INFO    ,bearRel: -73.758055
INFO    ,bearRel: -73.758055
INFO    ,bearRel: -73.758055
INFO    ,bearRel: -73.758055
INFO    ,bearRel: -73.758055
INFO    ,bearRel: -73.758055
INFO    ,bearRel: -73.758055
INFO    ,bearRel: -73.758055
INFO    ,bearRel: -73.758055
INFO    ,bearRel: -73.758055
INFO    ,bearRel: -77.353993
INFO    ,bearRel: -77.353993
INFO    ,bearRel: -77.353993
INFO    ,bearRel: -77.353993
INFO    ,bearRel: -77.353993
INFO    ,bearRel: -77.353993
INFO    ,bearRel: -77.353993
INFO    ,bearRel: -77.353993
INFO    ,bearRel: -77.353993
INFO    ,bearRel: -77.353993
INFO    ,bearRel: -79.015159
INFO    ,bearRel: -79.015159
INFO    ,bearRel: -79.015159
INFO    ,bearRel: -79.015159
INFO    ,bearRel: -79.015159
INFO    ,bearRel: -79.015159
INFO    ,bearRel: -79.015159
INFO    ,bearRel: -79.015159
INFO    ,bearRel: -79.015159
INFO    ,bearRel: -79.015159
INFO    ,bearRel: -78.420176
INFO    ,bearRel: -78.420176
INFO    ,bearRel: -78.420176
INFO    ,bearRel: -78.420176
INFO    ,bearRel: -78.420176
INFO    ,bearRel: -78.420176
INFO    ,bearRel: -78.420176
INFO    ,bearRel: -78.420176
INFO    ,bearRel: -78.420176
INFO    ,bearRel: -78.420176
INFO    ,bearRel: -79.996887
INFO    ,bearRel: -79.996887
INFO    ,bearRel: -79.996887
INFO    ,bearRel: -79.996887
INFO    ,bearRel: -79.996887
INFO    ,bearRel: -79.996887
INFO    ,bearRel: -79.996887
INFO    ,bearRel: -79.996887
INFO    ,bearRel: -79.996887
INFO    ,bearRel: -79.996887
INFO    ,bearRel: -79.996887
INFO    ,bearRel: -79.996887
INFO    ,bearRel: -79.996887
INFO    ,bearRel: -79.996887
INFO    ,bearRel: -79.996887
INFO    ,bearRel: -79.996887
INFO    ,bearRel: -79.996887
INFO    ,bearRel: -79.996887
INFO    ,bearRel: -79.996887
INFO    ,bearRel: -79.996887
INFO    ,bearRel: -89.334787
INFO    ,bearRel: -89.334787
INFO    ,bearRel: -89.334787
INFO    ,bearRel: -89.334787
INFO    ,bearRel: -89.334787
INFO    ,bearRel: -89.334787
INFO    ,bearRel: -89.334787
INFO    ,bearRel: -89.334787
INFO    ,bearRel: -89.334787
INFO    ,bearRel: -69.548750
INFO    ,bearRel: -69.548750
INFO    ,bearRel: -69.548750
INFO    ,bearRel: -69.548750
INFO    ,bearRel: -69.548750
INFO    ,bearRel: -69.548750
INFO    ,bearRel: -69.548750
INFO    ,bearRel: -69.548750
INFO    ,bearRel: -69.548750
INFO    ,bearRel: -69.548750
INFO    ,bearRel: -72.182704
INFO    ,bearRel: -72.182704
INFO    ,bearRel: -72.182704
INFO    ,bearRel: -72.182704
INFO    ,bearRel: -72.182704
INFO    ,bearRel: -72.182704
INFO    ,bearRel: -72.182704
INFO    ,bearRel: -72.182704
INFO    ,bearRel: -72.182704
INFO    ,bearRel: -72.182704
INFO    ,bearRel: -63.893702
INFO    ,bearRel: -63.893702
INFO    ,bearRel: -63.893702
INFO    ,bearRel: -63.893702
INFO    ,bearRel: -63.893702
INFO    ,bearRel: -63.893702
INFO    ,bearRel: -63.893702
INFO    ,bearRel: -63.893702
INFO    ,bearRel: -63.893702
INFO    ,bearRel: -63.893702
INFO    ,bearRel: -55.154115
INFO    ,bearRel: -55.154115
INFO    ,bearRel: -55.154115
INFO    ,bearRel: -55.154115
INFO    ,bearRel: -55.154115
INFO    ,bearRel: -55.154115
INFO    ,bearRel: -55.154115
INFO    ,bearRel: -55.154115
INFO    ,bearRel: -55.154115
INFO    ,bearRel: -55.154115
INFO    ,bearRel: -55.066068
INFO    ,bearRel: -55.066068
INFO    ,bearRel: -55.066068
INFO    ,bearRel: -55.066068
INFO    ,bearRel: -55.066068
INFO    ,bearRel: -55.066068
INFO    ,bearRel: -55.066068
INFO    ,bearRel: -55.066068
INFO    ,bearRel: -55.066068
INFO    ,bearRel: -60.051648
INFO    ,bearRel: -60.051648
INFO    ,bearRel: -60.051648
INFO    ,bearRel: -60.051648
INFO    ,bearRel: -60.051648
INFO    ,bearRel: -60.051648
INFO    ,bearRel: -60.051648
INFO    ,bearRel: -60.051648
INFO    ,bearRel: -60.051648
INFO    ,bearRel: -60.051648
INFO    ,bearRel: -60.051648
INFO    ,bearRel: -52.865870
INFO    ,bearRel: -52.865870
INFO    ,bearRel: -52.865870
INFO    ,bearRel: -52.865870
INFO    ,bearRel: -52.865870
INFO    ,bearRel: -52.865870
INFO    ,bearRel: -52.865870
INFO    ,bearRel: -52.865870
INFO    ,bearRel: -52.865870
INFO    ,bearRel: -52.865870
INFO    ,bearRel: -52.865870
INFO    ,bearRel: -52.865870
INFO    ,bearRel: -52.865870
INFO    ,bearRel: -52.865870
INFO    ,bearRel: -52.865870
INFO    ,bearRel: -52.865870
INFO    ,bearRel: -52.865870
INFO    ,bearRel: -52.865870
INFO    ,bearRel: -52.865870
INFO    ,bearRel: -52.865870
INFO    ,bearRel: -53.420698
INFO    ,bearRel: -53.420698
INFO    ,bearRel: -53.420698
INFO    ,bearRel: -53.420698
INFO    ,bearRel: -53.420698
INFO    ,bearRel: -53.420698
INFO    ,bearRel: -53.420698
INFO    ,bearRel: -53.420698
INFO    ,bearRel: -53.420698
INFO    ,bearRel: -44.030067
INFO    ,bearRel: -44.030067
INFO    ,bearRel: -44.030067
INFO    ,bearRel: -44.030067
INFO    ,bearRel: -44.030067
INFO    ,bearRel: -44.030067
INFO    ,bearRel: -44.030067
INFO    ,bearRel: -44.030067
INFO    ,bearRel: -44.030067
INFO    ,bearRel: -44.030067
INFO    ,bearRel: -28.302988
INFO    ,bearRel: -28.302988
INFO    ,bearRel: -28.302988
INFO    ,bearRel: -28.302988
INFO    ,bearRel: -28.302988
INFO    ,bearRel: -28.302988
INFO    ,bearRel: -28.302988
INFO    ,bearRel: -28.302988
INFO    ,bearRel: -28.302988
INFO    ,bearRel: -28.302988
INFO    ,bearRel: -20.259785
INFO    ,bearRel: -20.259785
INFO    ,bearRel: -20.259785
INFO    ,bearRel: -20.259785
INFO    ,bearRel: -20.259785
INFO    ,bearRel: -20.259785
INFO    ,bearRel: -20.259785
INFO    ,bearRel: -20.259785
INFO    ,bearRel: -20.259785
INFO    ,bearRel: -20.259785
INFO    ,bearRel: -24.740777
INFO    ,bearRel: -24.740777
INFO    ,bearRel: -24.740777
INFO    ,bearRel: -24.740777
INFO    ,bearRel: -24.740777
INFO    ,bearRel: -24.740777
INFO    ,bearRel: -24.740777
INFO    ,bearRel: -24.740777
INFO    ,bearRel: -24.740777
INFO    ,bearRel: -19.178323
INFO    ,bearRel: -17.973508
INFO    ,bearRel: -17.973508
INFO    ,bearRel: -17.973508
INFO    ,bearRel: -17.973508
INFO    ,bearRel: -17.973508
INFO    ,bearRel: -17.973508
INFO    ,bearRel: -17.973508
INFO    ,bearRel: -17.973508
INFO    ,bearRel: -17.973508
INFO    ,bearRel: -17.973508
INFO    ,bearRel: -14.163702
INFO    ,bearRel: -14.163702
INFO    ,bearRel: -14.163702
INFO    ,bearRel: -14.163702
INFO    ,bearRel: -14.163702
INFO    ,bearRel: -14.163702
INFO    ,bearRel: -14.163702
INFO    ,bearRel: -14.163702
INFO    ,bearRel: -14.163702
INFO    ,bearRel: -14.163702
INFO    ,bearRel: -14.163702
INFO    ,bearRel: -14.163702
INFO    ,bearRel: -14.163702
INFO    ,bearRel: -14.163702
INFO    ,bearRel: -14.163702
INFO    ,bearRel: -14.163702
INFO    ,bearRel: -14.163702
INFO    ,bearRel: -14.163702
INFO    ,bearRel: -14.163702
INFO    ,bearRel: -14.163702
INFO    ,bearRel: -14.163702
INFO    ,bearRel: -14.163702
INFO    ,bearRel: -14.163702
INFO    ,bearRel: -14.163702
INFO    ,bearRel: -14.163702
INFO    ,bearRel: -14.163702
INFO    ,bearRel: -14.163702
INFO    ,bearRel: -14.163702
INFO    ,bearRel: -14.163702
INFO    ,bearRel: -17.694591
INFO    ,bearRel: -17.694591
INFO    ,bearRel: -17.694591
INFO    ,bearRel: -17.694591
INFO    ,bearRel: -17.694591
INFO    ,bearRel: -17.694591
INFO    ,bearRel: -17.694591
INFO    ,bearRel: -17.694591
INFO    ,bearRel: -17.694591
INFO    ,bearRel: -17.694591
INFO    ,bearRel: -15.042881
INFO    ,bearRel: -15.042881
INFO    ,bearRel: -15.042881
INFO    ,bearRel: -15.042881
INFO    ,bearRel: -15.042881
INFO    ,bearRel: -15.042881
INFO    ,bearRel: -15.042881
INFO    ,bearRel: -15.042881
INFO    ,bearRel: -15.042881
INFO    ,bearRel: -15.042881
INFO    ,bearRel: -10.146687
INFO    ,bearRel: -10.146687
INFO    ,bearRel: -10.146687
INFO    ,bearRel: -10.146687
INFO    ,bearRel: -10.146687
INFO    ,bearRel: -10.146687
INFO    ,bearRel: -10.146687
INFO    ,bearRel: -10.146687
INFO    ,bearRel: -10.146687
INFO    ,bearRel: -10.146687
INFO    ,bearRel: -4.029991
INFO    ,bearRel: -4.029991
INFO    ,bearRel: -4.029991
INFO    ,bearRel: -4.029991
INFO    ,bearRel: -4.029991
INFO    ,bearRel: -4.029991
INFO    ,bearRel: -4.029991
INFO    ,bearRel: -4.029991
INFO    ,bearRel: -4.029991
INFO    ,bearRel: -4.029991
INFO    ,bearRel: 12.786498
INFO    ,bearRel: 12.786498
INFO    ,bearRel: 12.786498
INFO    ,bearRel: 12.786498
INFO    ,bearRel: 12.786498
INFO    ,bearRel: 12.786498
INFO    ,bearRel: 12.786498
INFO    ,bearRel: 12.786498
INFO    ,bearRel: 12.786498
INFO    ,bearRel: 12.786498
INFO    ,bearRel: 11.513016
INFO    ,bearRel: 11.513016
INFO    ,bearRel: 11.513016
INFO    ,bearRel: 11.513016
INFO    ,bearRel: 11.513016
INFO    ,bearRel: 11.513016
INFO    ,bearRel: 11.513016
INFO    ,bearRel: 11.513016
INFO    ,bearRel: 11.513016
INFO    ,bearRel: 11.513016
INFO    ,bearRel: 11.945361
INFO    ,bearRel: 11.945361
INFO    ,bearRel: 11.945361
INFO    ,bearRel: 11.945361
INFO    ,bearRel: 11.945361
INFO    ,bearRel: 11.945361
INFO    ,bearRel: 11.945361
INFO    ,bearRel: 11.945361
INFO    ,bearRel: 11.945361
INFO    ,bearRel: 11.945361
INFO    ,bearRel: 6.993670
INFO    ,bearRel: 6.993670
INFO    ,bearRel: 6.993670
INFO    ,bearRel: 6.993670
INFO    ,bearRel: 6.993670
INFO    ,bearRel: 6.993670
INFO    ,bearRel: 6.993670
INFO    ,bearRel: 6.993670
INFO    ,bearRel: 6.993670
INFO    ,bearRel: 6.993670
INFO    ,bearRel: 6.993670
INFO    ,bearRel: 6.993670
INFO    ,bearRel: 6.993670
INFO    ,bearRel: 6.993670
INFO    ,bearRel: 6.993670
INFO    ,bearRel: 6.993670
INFO    ,bearRel: 6.993670
INFO    ,bearRel: 6.993670
INFO    ,bearRel: 6.993670
INFO    ,bearRel: 6.993670
INFO    ,bearRel: 6.993670
INFO    ,bearRel: 6.993670
INFO    ,bearRel: 6.993670
INFO    ,bearRel: 6.993670
INFO    ,bearRel: 6.993670
INFO    ,bearRel: 6.993670
INFO    ,bearRel: 6.993670
INFO    ,bearRel: 6.993670
INFO    ,bearRel: 6.993670
INFO    ,bearRel: 6.993670
INFO    ,bearRel: 9.413809
INFO    ,bearRel: 9.413809
INFO    ,bearRel: 9.413809
INFO    ,bearRel: 9.413809
INFO    ,bearRel: 9.413809
INFO    ,bearRel: 9.413809
INFO    ,bearRel: 9.413809
INFO    ,bearRel: 9.413809
INFO    ,bearRel: 9.413809
INFO    ,bearRel: 9.413809
INFO    ,bearRel: 4.218171
INFO    ,bearRel: 4.218171
INFO    ,bearRel: 4.218171
INFO    ,bearRel: 4.218171
INFO    ,bearRel: 4.218171
INFO    ,bearRel: 4.218171
INFO    ,bearRel: 4.218171
INFO    ,bearRel: 4.218171
INFO    ,bearRel: 4.218171
INFO    ,bearRel: 4.218171
INFO    ,bearRel: -1.020063
INFO    ,bearRel: -1.020063
INFO    ,bearRel: -1.020063
INFO    ,bearRel: -1.020063
INFO    ,bearRel: -1.020063
INFO    ,bearRel: -1.020063
INFO    ,bearRel: -1.020063
INFO    ,bearRel: -1.020063
INFO    ,bearRel: -1.020063
INFO    ,bearRel: -1.020063
INFO    ,bearRel: 9.916554
INFO    ,bearRel: 9.916554
INFO    ,bearRel: 9.916554
INFO    ,bearRel: 9.916554
INFO    ,bearRel: 9.916554
INFO    ,bearRel: 9.916554
INFO    ,bearRel: 9.916554
INFO    ,bearRel: 9.916554
INFO    ,bearRel: 9.916554
INFO    ,bearRel: 9.916554
INFO    ,bearRel: 10.527675
INFO    ,bearRel: 10.527675
INFO    ,bearRel: 10.527675
INFO    ,bearRel: 10.527675
INFO    ,bearRel: 10.527675
INFO    ,bearRel: 10.527675
INFO    ,bearRel: 10.527675
INFO    ,bearRel: 10.527675
INFO    ,bearRel: 10.527675
INFO    ,bearRel: 10.527675
INFO    ,bearRel: 5.345766
INFO    ,bearRel: 5.345766
INFO    ,bearRel: 5.345766
INFO    ,bearRel: 5.345766
INFO    ,bearRel: 5.345766
INFO    ,bearRel: 5.345766
INFO    ,bearRel: 5.345766
INFO    ,bearRel: 5.345766
INFO    ,bearRel: 5.345766
INFO    ,bearRel: 5.345766
INFO    ,bearRel: -4.477372
INFO    ,bearRel: -4.477372
INFO    ,bearRel: -4.477372
INFO    ,bearRel: -4.477372
INFO    ,bearRel: -4.477372
INFO    ,bearRel: -4.477372
INFO    ,bearRel: -4.477372
INFO    ,bearRel: -4.477372
INFO    ,bearRel: -4.477372
INFO    ,bearRel: -2.639821
INFO    ,bearRel: -2.639821
INFO    ,bearRel: -2.639821
INFO    ,bearRel: -2.639821
INFO    ,bearRel: -2.639821
INFO    ,bearRel: -2.639821
INFO    ,bearRel: -2.639821
INFO    ,bearRel: -2.639821
INFO    ,bearRel: -2.639821
INFO    ,bearRel: -2.639821
INFO    ,bearRel: 4.030327
INFO    ,bearRel: 4.030327
INFO    ,bearRel: 4.030327
INFO    ,bearRel: 4.030327
INFO    ,bearRel: 4.030327
INFO    ,bearRel: 4.030327
INFO    ,bearRel: 4.030327
INFO    ,bearRel: 4.030327
INFO    ,bearRel: 4.030327
INFO    ,bearRel: 4.030327
INFO    ,bearRel: 4.030327
INFO    ,bearRel: 4.030327
INFO    ,bearRel: 4.030327
INFO    ,bearRel: 4.030327
INFO    ,bearRel: 4.030327
INFO    ,bearRel: 4.030327
INFO    ,bearRel: 4.030327
INFO    ,bearRel: 4.030327
INFO    ,bearRel: 4.030327
INFO    ,bearRel: 4.030327
INFO    ,bearRel: 5.054070
INFO    ,bearRel: 5.054070
INFO    ,bearRel: 5.054070
INFO    ,bearRel: 5.054070
INFO    ,bearRel: 5.054070
INFO    ,bearRel: 5.054070
INFO    ,bearRel: 5.054070
INFO    ,bearRel: 5.054070
INFO    ,bearRel: 5.054070
INFO    ,bearRel: 5.054070
INFO    ,bearRel: 10.050116
INFO    ,bearRel: 10.050116
INFO    ,bearRel: 10.050116
INFO    ,bearRel: 10.050116
INFO    ,bearRel: 10.050116
INFO    ,bearRel: 10.050116
INFO    ,bearRel: 10.050116
INFO    ,bearRel: 10.050116
INFO    ,bearRel: 10.050116
INFO    ,bearRel: 10.050116
INFO    ,bearRel: 5.420779
INFO    ,bearRel: 5.420779
INFO    ,bearRel: 5.420779
INFO    ,bearRel: 5.420779
INFO    ,bearRel: 5.420779
INFO    ,bearRel: 5.420779
INFO    ,bearRel: 5.420779
INFO    ,bearRel: 5.420779
INFO    ,bearRel: 5.420779
INFO    ,bearRel: 14.818085
INFO    ,bearRel: 14.818085
INFO    ,bearRel: 14.818085
INFO    ,bearRel: 14.818085
INFO    ,bearRel: 14.818085
INFO    ,bearRel: 14.818085
INFO    ,bearRel: 14.818085
INFO    ,bearRel: 14.818085
INFO    ,bearRel: 14.818085
INFO    ,bearRel: 14.818085
INFO    ,bearRel: 26.064053
INFO    ,bearRel: 26.064053
INFO    ,bearRel: 26.064053
INFO    ,bearRel: 26.064053
INFO    ,bearRel: 26.064053
INFO    ,bearRel: 26.064053
INFO    ,bearRel: 26.064053
INFO    ,bearRel: 26.064053
INFO    ,bearRel: 26.064053
INFO    ,bearRel: 26.064053
INFO    ,bearRel: 27.875218
INFO    ,bearRel: 27.875218
INFO    ,bearRel: 27.875218
INFO    ,bearRel: 27.875218
INFO    ,bearRel: 27.875218
INFO    ,bearRel: 27.875218
INFO    ,bearRel: 27.875218
INFO    ,bearRel: 27.875218
INFO    ,bearRel: 27.875218
INFO    ,bearRel: 27.875218
INFO    ,bearRel: 29.482469
INFO    ,bearRel: 29.482469
INFO    ,bearRel: 29.482469
INFO    ,bearRel: 29.482469
INFO    ,bearRel: 29.482469
INFO    ,bearRel: 29.482469
INFO    ,bearRel: 29.482469
INFO    ,bearRel: 29.482469
INFO    ,bearRel: 29.482469
INFO    ,bearRel: 29.482469
INFO    ,bearRel: 30.158765
INFO    ,bearRel: 30.158765
INFO    ,bearRel: 30.158765
INFO    ,bearRel: 30.158765
INFO    ,bearRel: 30.158765
INFO    ,bearRel: 30.158765
INFO    ,bearRel: 30.158765
INFO    ,bearRel: 30.158765
INFO    ,bearRel: 30.158765
INFO    ,bearRel: 30.158765
INFO    ,bearRel: 30.158765
INFO    ,bearRel: 30.158765
INFO    ,bearRel: 30.158765
INFO    ,bearRel: 30.158765
INFO    ,bearRel: 30.158765
INFO    ,bearRel: 30.158765
INFO    ,bearRel: 30.158765
INFO    ,bearRel: 30.158765
INFO    ,bearRel: 30.158765
INFO    ,bearRel: 30.158765
INFO    ,bearRel: 30.158765
INFO    ,bearRel: 30.158765
INFO    ,bearRel: 30.158765
INFO    ,bearRel: 30.158765
INFO    ,bearRel: 30.158765
INFO    ,bearRel: 30.158765
INFO    ,bearRel: 30.158765
INFO    ,bearRel: 30.158765
INFO    ,bearRel: 30.158765
INFO    ,bearRel: 43.684076
INFO    ,bearRel: 43.684076
INFO    ,bearRel: 43.684076
INFO    ,bearRel: 43.684076
INFO    ,bearRel: 43.684076
INFO    ,bearRel: 43.684076
INFO    ,bearRel: 43.684076
INFO    ,bearRel: 43.684076
INFO    ,bearRel: 43.684076
INFO    ,bearRel: 43.684076
INFO    ,bearRel: 46.728491
INFO    ,bearRel: 46.728491
INFO    ,bearRel: 46.728491
INFO    ,bearRel: 46.728491
INFO    ,bearRel: 46.728491
INFO    ,bearRel: 46.728491
INFO    ,bearRel: 46.728491
INFO    ,bearRel: 46.728491
INFO    ,bearRel: 46.728491
INFO    ,bearRel: 46.728491
INFO    ,bearRel: 52.975076
INFO    ,bearRel: 52.975076
INFO    ,bearRel: 52.975076
INFO    ,bearRel: 52.975076
INFO    ,bearRel: 52.975076
INFO    ,bearRel: 52.975076
INFO    ,bearRel: 52.975076
INFO    ,bearRel: 52.975076
INFO    ,bearRel: 52.975076
INFO    ,bearRel: 58.974208
INFO    ,bearRel: 58.974208
INFO    ,bearRel: 58.974208
INFO    ,bearRel: 58.974208
INFO    ,bearRel: 58.974208
INFO    ,bearRel: 58.974208
INFO    ,bearRel: 58.974208
INFO    ,bearRel: 58.974208
INFO    ,bearRel: 58.974208
INFO    ,bearRel: 58.974208
INFO    ,bearRel: 62.084963
INFO    ,bearRel: 62.084963
INFO    ,bearRel: 62.084963
INFO    ,bearRel: 62.084963
INFO    ,bearRel: 62.084963
INFO    ,bearRel: 62.084963
INFO    ,bearRel: 62.084963
INFO    ,bearRel: 62.084963
INFO    ,bearRel: 62.084963
INFO    ,bearRel: 62.084963
INFO    ,bearRel: 58.410004
INFO    ,bearRel: 58.410004
INFO    ,bearRel: 58.410004
INFO    ,bearRel: 58.410004
INFO    ,bearRel: 58.410004
INFO    ,bearRel: 58.410004
INFO    ,bearRel: 58.410004
INFO    ,bearRel: 58.410004
INFO    ,bearRel: 58.410004
INFO    ,bearRel: 58.410004
INFO    ,bearRel: 52.826406
INFO    ,bearRel: 52.826406
INFO    ,bearRel: 52.826406
INFO    ,bearRel: 52.826406
INFO    ,bearRel: 52.826406
INFO    ,bearRel: 52.826406
INFO    ,bearRel: 52.826406
INFO    ,bearRel: 52.826406
INFO    ,bearRel: 52.826406
INFO    ,bearRel: 48.590281
INFO    ,bearRel: 48.590281
INFO    ,bearRel: 48.590281
INFO    ,bearRel: 48.590281
INFO    ,bearRel: 48.590281
INFO    ,bearRel: 48.590281
INFO    ,bearRel: 48.590281
INFO    ,bearRel: 48.590281
INFO    ,bearRel: 48.590281
INFO    ,bearRel: 48.590281
INFO    ,bearRel: 48.590281
INFO    ,bearRel: 48.590281
INFO    ,bearRel: 48.590281
INFO    ,bearRel: 48.590281
INFO    ,bearRel: 48.590281
INFO    ,bearRel: 48.590281
INFO    ,bearRel: 48.590281
INFO    ,bearRel: 48.590281
INFO    ,bearRel: 48.590281
INFO    ,bearRel: 48.590281
INFO    ,bearRel: 35.770142
INFO    ,bearRel: 35.770142
INFO    ,bearRel: 35.770142
INFO    ,bearRel: 35.770142
INFO    ,bearRel: 35.770142
INFO    ,bearRel: 35.770142
INFO    ,bearRel: 35.770142
INFO    ,bearRel: 35.770142
INFO    ,bearRel: 35.770142
INFO    ,bearRel: 35.770142
INFO    ,bearRel: 28.019593
INFO    ,bearRel: 28.019593
INFO    ,bearRel: 28.019593
INFO    ,bearRel: 28.019593
INFO    ,bearRel: 28.019593
INFO    ,bearRel: 28.019593
INFO    ,bearRel: 28.019593
INFO    ,bearRel: 28.019593
INFO    ,bearRel: 28.019593
INFO    ,bearRel: 24.591005
INFO    ,bearRel: 24.591005
INFO    ,bearRel: 24.591005
INFO    ,bearRel: 24.591005
INFO    ,bearRel: 24.591005
INFO    ,bearRel: 24.591005
INFO    ,bearRel: 24.591005
INFO    ,bearRel: 24.591005
INFO    ,bearRel: 24.591005
INFO    ,bearRel: 24.591005
INFO    ,bearRel: 13.831051
INFO    ,bearRel: 13.831051
INFO    ,bearRel: 13.831051
INFO    ,bearRel: 13.831051
INFO    ,bearRel: 13.831051
INFO    ,bearRel: 13.831051
INFO    ,bearRel: 13.831051
INFO    ,bearRel: 13.831051
INFO    ,bearRel: 13.831051
INFO    ,bearRel: 13.831051
INFO    ,bearRel: 6.926513
INFO    ,bearRel: 6.926513
INFO    ,bearRel: 6.926513
INFO    ,bearRel: 6.926513
INFO    ,bearRel: 6.926513
INFO    ,bearRel: 6.926513
INFO    ,bearRel: 6.926513
INFO    ,bearRel: 6.926513
INFO    ,bearRel: 6.926513
INFO    ,bearRel: 6.926513
INFO    ,bearRel: 18.776633
INFO    ,bearRel: 18.776633
INFO    ,bearRel: 18.776633
INFO    ,bearRel: 18.776633
INFO    ,bearRel: 18.776633
INFO    ,bearRel: 18.776633
INFO    ,bearRel: 18.776633
INFO    ,bearRel: 18.776633
INFO    ,bearRel: 18.776633
INFO    ,bearRel: 10.418465
INFO    ,bearRel: 10.418465
INFO    ,bearRel: 10.418465
INFO    ,bearRel: 10.418465
INFO    ,bearRel: 10.418465
INFO    ,bearRel: 10.418465
INFO    ,bearRel: 10.418465
INFO    ,bearRel: 10.418465
INFO    ,bearRel: 10.418465
INFO    ,bearRel: 10.418465
INFO    ,bearRel: 10.418465
INFO    ,bearRel: 10.418465
INFO    ,bearRel: 10.418465
INFO    ,bearRel: 10.418465
INFO    ,bearRel: 10.418465
INFO    ,bearRel: 10.418465
INFO    ,bearRel: 10.418465
INFO    ,bearRel: 10.418465
INFO    ,bearRel: 10.418465
INFO    ,bearRel: 10.418465
INFO    ,bearRel: -5.567503
INFO    ,bearRel: -5.567503
INFO    ,bearRel: -5.567503
INFO    ,bearRel: -5.567503
INFO    ,bearRel: -5.567503
INFO    ,bearRel: -5.567503
INFO    ,bearRel: -5.567503
INFO    ,bearRel: -5.567503
INFO    ,bearRel: -5.567503
INFO    ,bearRel: -5.567503
INFO    ,bearRel: 1.740888
INFO    ,bearRel: 1.740888
INFO    ,bearRel: 1.740888
INFO    ,bearRel: 1.740888
INFO    ,bearRel: 1.740888
INFO    ,bearRel: 1.740888
INFO    ,bearRel: 1.740888
INFO    ,bearRel: 1.740888
INFO    ,bearRel: 1.740888
INFO    ,bearRel: 1.740888
INFO    ,bearRel: 0.082531
INFO    ,bearRel: 0.082531
INFO    ,bearRel: 0.082531
INFO    ,bearRel: 0.082531
INFO    ,bearRel: 0.082531
INFO    ,bearRel: 0.082531
INFO    ,bearRel: 0.082531
INFO    ,bearRel: 0.082531
INFO    ,bearRel: 0.082531
INFO    ,bearRel: 4.111448
INFO    ,bearRel: 4.111448
INFO    ,bearRel: 4.111448
INFO    ,bearRel: 4.111448
INFO    ,bearRel: 4.111448
INFO    ,bearRel: 4.111448
INFO    ,bearRel: 4.111448
INFO    ,bearRel: 4.111448
INFO    ,bearRel: 4.111448
INFO    ,bearRel: 4.111448
INFO    ,bearRel: -0.538478
INFO    ,bearRel: -0.538478
INFO    ,bearRel: -0.538478
INFO    ,bearRel: -0.538478
INFO    ,bearRel: -0.538478
INFO    ,bearRel: -0.538478
INFO    ,bearRel: -0.538478
INFO    ,bearRel: -0.538478
INFO    ,bearRel: -0.538478
INFO    ,bearRel: -0.538478
INFO    ,bearRel: -5.883389
INFO    ,bearRel: -5.883389
INFO    ,bearRel: -5.883389
INFO    ,bearRel: -5.883389
INFO    ,bearRel: -5.883389
INFO    ,bearRel: -5.883389
INFO    ,bearRel: -5.883389
INFO    ,bearRel: -5.883389
INFO    ,bearRel: -5.883389
INFO    ,bearRel: -5.883389
INFO    ,bearRel: -7.090940
INFO    ,bearRel: -7.090940
INFO    ,bearRel: -7.090940
INFO    ,bearRel: -7.090940
INFO    ,bearRel: -7.090940
INFO    ,bearRel: -7.090940
INFO    ,bearRel: -7.090940
INFO    ,bearRel: -7.090940
INFO    ,bearRel: -7.090940
INFO    ,bearRel: -7.090940
INFO    ,bearRel: -7.090940
INFO    ,bearRel: -7.090940
INFO    ,bearRel: -7.090940
INFO    ,bearRel: -7.090940
INFO    ,bearRel: -7.090940
INFO    ,bearRel: -7.090940
INFO    ,bearRel: -7.090940
INFO    ,bearRel: -7.090940
INFO    ,bearRel: -7.090940
INFO    ,bearRel: -7.090940
INFO    ,bearRel: -7.090940
INFO    ,bearRel: -7.090940
INFO    ,bearRel: -7.090940
INFO    ,bearRel: -7.090940
INFO    ,bearRel: -7.090940
INFO    ,bearRel: -7.090940
INFO    ,bearRel: -7.090940
INFO    ,bearRel: -7.090940
INFO    ,bearRel: -7.090940
INFO    ,bearRel: -9.960912
INFO    ,bearRel: -9.960912
INFO    ,bearRel: -9.960912
INFO    ,bearRel: -9.960912
INFO    ,bearRel: -9.960912
INFO    ,bearRel: -9.960912
INFO    ,bearRel: -9.960912
INFO    ,bearRel: -9.960912
INFO    ,bearRel: -9.960912
INFO    ,bearRel: -9.960912
INFO    ,bearRel: -27.502046
INFO    ,bearRel: -27.502046
INFO    ,bearRel: -27.502046
INFO    ,bearRel: -27.502046
INFO    ,bearRel: -27.502046
INFO    ,bearRel: -27.502046
INFO    ,bearRel: -27.502046
INFO    ,bearRel: -27.502046
INFO    ,bearRel: -27.502046
INFO    ,bearRel: -27.502046
INFO    ,bearRel: -21.853717
INFO    ,bearRel: -21.853717
INFO    ,bearRel: -21.853717
INFO    ,bearRel: -21.853717
INFO    ,bearRel: -21.853717
INFO    ,bearRel: -21.853717
INFO    ,bearRel: -21.853717
INFO    ,bearRel: -21.853717
INFO    ,bearRel: -21.853717
INFO    ,bearRel: -17.694591
INFO    ,bearRel: -17.694591
INFO    ,bearRel: -17.694591
INFO    ,bearRel: -17.694591
INFO    ,bearRel: -17.694591
INFO    ,bearRel: -17.694591
INFO    ,bearRel: -17.694591
INFO    ,bearRel: -17.694591
INFO    ,bearRel: -17.694591
INFO    ,bearRel: -17.694591
INFO    ,bearRel: -16.622168
INFO    ,bearRel: -16.622168
INFO    ,bearRel: -16.622168
INFO    ,bearRel: -16.622168
INFO    ,bearRel: -16.622168
INFO    ,bearRel: -16.622168
INFO    ,bearRel: -16.622168
INFO    ,bearRel: -16.622168
INFO    ,bearRel: -16.622168
INFO    ,bearRel: -16.622168
INFO    ,bearRel: -15.964935
INFO    ,bearRel: -15.964935
INFO    ,bearRel: -15.964935
INFO    ,bearRel: -15.964935
INFO    ,bearRel: -15.964935
INFO    ,bearRel: -15.964935
INFO    ,bearRel: -15.964935
INFO    ,bearRel: -15.964935
INFO    ,bearRel: -15.964935
INFO    ,bearRel: -15.964935
INFO    ,bearRel: -11.667189
INFO    ,bearRel: -11.667189
INFO    ,bearRel: -11.667189
INFO    ,bearRel: -11.667189
INFO    ,bearRel: -11.667189
INFO    ,bearRel: -11.667189
INFO    ,bearRel: -11.667189
INFO    ,bearRel: -11.667189
INFO    ,bearRel: -11.667189
INFO    ,bearRel: -11.667189
INFO    ,bearRel: -11.667189
INFO    ,bearRel: -11.667189
INFO    ,bearRel: -11.667189
INFO    ,bearRel: -11.667189
INFO    ,bearRel: -11.667189
INFO    ,bearRel: -11.667189
INFO    ,bearRel: -11.667189
INFO    ,bearRel: -11.667189
INFO    ,bearRel: -11.667189
INFO    ,bearRel: -11.667189
INFO    ,bearRel: -11.667189
INFO    ,bearRel: -11.667189
INFO    ,bearRel: -11.667189
INFO    ,bearRel: -11.667189
INFO    ,bearRel: -11.667189
INFO    ,bearRel: -11.667189
INFO    ,bearRel: -11.667189
INFO    ,bearRel: -11.667189
INFO    ,bearRel: -11.667189
INFO    ,bearRel: -11.667189
INFO    ,bearRel: -4.715980
INFO    ,bearRel: -4.715980
INFO    ,bearRel: -4.715980
INFO    ,bearRel: -4.715980
INFO    ,bearRel: -4.715980
INFO    ,bearRel: -4.715980
INFO    ,bearRel: -4.715980
INFO    ,bearRel: -4.715980
INFO    ,bearRel: -4.715980
INFO    ,bearRel: -4.715980
INFO    ,bearRel: -20.602700
INFO    ,bearRel: -20.602700
INFO    ,bearRel: -20.602700
INFO    ,bearRel: -20.602700
INFO    ,bearRel: -20.602700
INFO    ,bearRel: -20.602700
INFO    ,bearRel: -20.602700
INFO    ,bearRel: -20.602700
INFO    ,bearRel: -20.602700
INFO    ,bearRel: -20.602700
INFO    ,bearRel: -17.348628
INFO    ,bearRel: -17.348628
INFO    ,bearRel: -17.348628
INFO    ,bearRel: -17.348628
INFO    ,bearRel: -17.348628
INFO    ,bearRel: -17.348628
INFO    ,bearRel: -17.348628
INFO    ,bearRel: -17.348628
INFO    ,bearRel: -17.348628
INFO    ,bearRel: -17.348628
INFO    ,bearRel: -5.395930
INFO    ,bearRel: -5.395930
INFO    ,bearRel: -5.395930
INFO    ,bearRel: -5.395930
INFO    ,bearRel: -5.395930
INFO    ,bearRel: -5.395930
INFO    ,bearRel: -5.395930
INFO    ,bearRel: -5.395930
INFO    ,bearRel: -5.395930
INFO    ,bearRel: -5.395930
INFO    ,bearRel: 7.300255
INFO    ,bearRel: 7.300255
INFO    ,bearRel: 7.300255
INFO    ,bearRel: 7.300255
INFO    ,bearRel: 7.300255
INFO    ,bearRel: 7.300255
INFO    ,bearRel: 7.300255
INFO    ,bearRel: 7.300255
INFO    ,bearRel: 7.300255
INFO    ,bearRel: 6.610452
INFO    ,bearRel: 6.610452
INFO    ,bearRel: 6.610452
INFO    ,bearRel: 6.610452
INFO    ,bearRel: 6.610452
INFO    ,bearRel: 6.610452
INFO    ,bearRel: 6.610452
INFO    ,bearRel: 6.610452
INFO    ,bearRel: 6.610452
INFO    ,bearRel: 6.610452
INFO    ,bearRel: 9.816432
INFO    ,bearRel: 9.816432
INFO    ,bearRel: 9.816432
INFO    ,bearRel: 9.816432
INFO    ,bearRel: 9.816432
INFO    ,bearRel: 9.816432
INFO    ,bearRel: 9.816432
INFO    ,bearRel: 9.816432
INFO    ,bearRel: 9.816432
INFO    ,bearRel: 9.816432
INFO    ,bearRel: 1.111460
INFO    ,bearRel: 1.111460
INFO    ,bearRel: 1.111460
INFO    ,bearRel: 1.111460
INFO    ,bearRel: 1.111460
INFO    ,bearRel: 1.111460
INFO    ,bearRel: 1.111460
INFO    ,bearRel: 1.111460
INFO    ,bearRel: 1.111460
INFO    ,bearRel: 1.111460
INFO    ,bearRel: 1.111460
INFO    ,bearRel: 1.111460
INFO    ,bearRel: 1.111460
INFO    ,bearRel: 1.111460
INFO    ,bearRel: 1.111460
INFO    ,bearRel: 1.111460
INFO    ,bearRel: 1.111460
INFO    ,bearRel: 1.111460
INFO    ,bearRel: 1.111460
INFO    ,bearRel: 1.111460
INFO    ,bearRel: 1.111460
INFO    ,bearRel: 1.111460
INFO    ,bearRel: 1.111460
INFO    ,bearRel: 1.111460
INFO    ,bearRel: 1.111460
INFO    ,bearRel: 1.111460
INFO    ,bearRel: 1.111460
INFO    ,bearRel: 1.111460
INFO    ,bearRel: 1.111460
INFO    ,bearRel: 1.111460
INFO    ,bearRel: 14.412216
INFO    ,bearRel: 14.412216
INFO    ,bearRel: 14.412216
INFO    ,bearRel: 14.412216
INFO    ,bearRel: 14.412216
INFO    ,bearRel: 14.412216
INFO    ,bearRel: 14.412216
INFO    ,bearRel: 14.412216
INFO    ,bearRel: 14.412216
INFO    ,bearRel: 14.412216
INFO    ,bearRel: 14.412216
INFO    ,bearRel: 3.502055
INFO    ,bearRel: 3.502055
INFO    ,bearRel: 3.502055
INFO    ,bearRel: 3.502055
INFO    ,bearRel: 3.502055
INFO    ,bearRel: 3.502055
INFO    ,bearRel: 3.502055
INFO    ,bearRel: 3.502055
INFO    ,bearRel: 3.502055
INFO    ,bearRel: 14.246479
INFO    ,bearRel: 14.246479
INFO    ,bearRel: 14.246479
INFO    ,bearRel: 14.246479
INFO    ,bearRel: 14.246479
INFO    ,bearRel: 14.246479
INFO    ,bearRel: 14.246479
INFO    ,bearRel: 14.246479
INFO    ,bearRel: 14.246479
INFO    ,bearRel: 14.246479
INFO    ,bearRel: 5.065984
INFO    ,bearRel: 5.065984
INFO    ,bearRel: 5.065984
INFO    ,bearRel: 5.065984
INFO    ,bearRel: 5.065984
INFO    ,bearRel: 5.065984
INFO    ,bearRel: 5.065984
INFO    ,bearRel: 5.065984
INFO    ,bearRel: 5.065984
INFO    ,bearRel: 5.065984
INFO    ,bearRel: 16.140978
INFO    ,bearRel: 16.140978
INFO    ,bearRel: 16.140978
INFO    ,bearRel: 16.140978
INFO    ,bearRel: 16.140978
INFO    ,bearRel: 16.140978
INFO    ,bearRel: 16.140978
INFO    ,bearRel: 16.140978
INFO    ,bearRel: 16.140978
INFO    ,bearRel: 16.140978
INFO    ,bearRel: 9.653248
INFO    ,bearRel: 9.653248
INFO    ,bearRel: 9.653248
INFO    ,bearRel: 9.653248
INFO    ,bearRel: 9.653248
INFO    ,bearRel: 9.653248
INFO    ,bearRel: 9.653248
INFO    ,bearRel: 9.653248
INFO    ,bearRel: 9.653248
INFO    ,bearRel: 9.653248
INFO    ,bearRel: 6.279963
INFO    ,bearRel: 6.279963
INFO    ,bearRel: 6.279963
INFO    ,bearRel: 6.279963
INFO    ,bearRel: 6.279963
INFO    ,bearRel: 6.279963
INFO    ,bearRel: 6.279963
INFO    ,bearRel: 6.279963
INFO    ,bearRel: 6.279963
INFO    ,bearRel: 6.279963
INFO    ,bearRel: -7.155523
INFO    ,bearRel: -7.155523
INFO    ,bearRel: -7.155523
INFO    ,bearRel: -7.155523
INFO    ,bearRel: -7.155523
INFO    ,bearRel: -7.155523
INFO    ,bearRel: -7.155523
INFO    ,bearRel: -7.155523
INFO    ,bearRel: -7.155523
INFO    ,bearRel: -7.155523
INFO    ,bearRel: -7.155523
INFO    ,bearRel: -7.155523
INFO    ,bearRel: -7.155523
INFO    ,bearRel: -7.155523
INFO    ,bearRel: -7.155523
INFO    ,bearRel: -7.155523
INFO    ,bearRel: -7.155523
INFO    ,bearRel: -7.155523
INFO    ,bearRel: -7.155523
INFO    ,bearRel: -7.155523
INFO    ,bearRel: -6.131376
INFO    ,bearRel: -6.131376
INFO    ,bearRel: -6.131376
INFO    ,bearRel: -6.131376
INFO    ,bearRel: -6.131376
INFO    ,bearRel: -6.131376
INFO    ,bearRel: -6.131376
INFO    ,bearRel: -6.131376
INFO    ,bearRel: -6.131376
INFO    ,bearRel: -6.131376
INFO    ,bearRel: 0.620750
INFO    ,bearRel: 0.620750
INFO    ,bearRel: 0.620750
INFO    ,bearRel: 0.620750
INFO    ,bearRel: 0.620750
INFO    ,bearRel: 0.620750
INFO    ,bearRel: 0.620750
INFO    ,bearRel: 0.620750
INFO    ,bearRel: 0.620750
INFO    ,bearRel: 0.620750
INFO    ,bearRel: 12.619320
INFO    ,bearRel: 12.619320
INFO    ,bearRel: 12.619320
INFO    ,bearRel: 12.619320
INFO    ,bearRel: 12.619320
INFO    ,bearRel: 12.619320
INFO    ,bearRel: 12.619320
INFO    ,bearRel: 12.619320
INFO    ,bearRel: 12.619320
INFO    ,bearRel: 12.619320
INFO    ,bearRel: 15.372027
INFO    ,bearRel: 15.372027
INFO    ,bearRel: 15.372027
INFO    ,bearRel: 15.372027
INFO    ,bearRel: 15.372027
INFO    ,bearRel: 15.372027
INFO    ,bearRel: 15.372027
INFO    ,bearRel: 15.372027
INFO    ,bearRel: 15.372027
INFO    ,bearRel: 15.372027
INFO    ,bearRel: 19.446804
INFO    ,bearRel: 19.446804
INFO    ,bearRel: 19.446804
INFO    ,bearRel: 19.446804
INFO    ,bearRel: 19.446804
INFO    ,bearRel: 19.446804
INFO    ,bearRel: 19.446804
INFO    ,bearRel: 19.446804
INFO    ,bearRel: 19.446804
INFO    ,bearRel: 19.446804
INFO    ,bearRel: 18.443482
INFO    ,bearRel: 18.443482
INFO    ,bearRel: 18.443482
INFO    ,bearRel: 18.443482
INFO    ,bearRel: 18.443482
INFO    ,bearRel: 18.443482
INFO    ,bearRel: 18.443482
INFO    ,bearRel: 18.443482
INFO    ,bearRel: 18.443482
INFO    ,bearRel: 18.443482
INFO    ,bearRel: 18.141533
INFO    ,bearRel: 18.141533
INFO    ,bearRel: 18.141533
WARNING ,Abort@while(True): KeyboardInterrupt
WARNING ,Finally@while(True)
WARNING ,Traceback (most recent call last):
  File "WaypointBasicNavLogging.py", line 342, in <module>
    log_root.info('bearRel: %f' %bearRel)
  File "/usr/lib/python2.7/logging/__init__.py", line 1148, in info
    self._log(INFO, msg, args, **kwargs)
  File "/usr/lib/python2.7/logging/__init__.py", line 1267, in _log
    self.handle(record)
  File "/usr/lib/python2.7/logging/__init__.py", line 1277, in handle
    self.callHandlers(record)
  File "/usr/lib/python2.7/logging/__init__.py", line 1317, in callHandlers
    hdlr.handle(record)
  File "/usr/lib/python2.7/logging/__init__.py", line 748, in handle
    self.emit(record)
  File "/usr/lib/python2.7/logging/__init__.py", line 938, in emit
    StreamHandler.emit(self, record)
  File "/usr/lib/python2.7/logging/__init__.py", line 850, in emit
    msg = self.format(record)
  File "/usr/lib/python2.7/logging/__init__.py", line 723, in format
    return fmt.format(record)
  File "/usr/lib/python2.7/logging/__init__.py", line 473, in format
    if record.exc_text:
KeyboardInterrupt

